id,fbname,instnm,unitid,expansion_batch,datejoinedfb
1,Harvard,Harvard University,166027,1,4-Feb-04
2,Columbia,Columbia University in the City of New York,190150,1,25-Feb-04
3,Stanford ,Stanford University,243744,1,26-Feb-04
4,Yale,Yale University,130794,1,29-Feb-04
5,Cornell,Cornell University,190415,1,7-Mar-04
6,Dartmouth,Dartmouth College,182670,1,7-Mar-04
7,UPenn,University of Pennsylvania,215062,1,14-Mar-04
8,MIT,Massachusetts Institute of Technology,166683,1,14-Mar-04
9,NYU,New York University,193900,1,21-Mar-04
10,BU,Boston University,164988,1,21-Mar-04
11,Brown,Brown University,217156,1,4-Apr-04
12,Princeton,Princeton University,186131,1,4-Apr-04
13,Berkeley,University of California-Berkeley,110635,1,4-Apr-04
14,Duke,Duke University,198419,1,11-Apr-04
15,Georgetown,Georgetown University,131496,1,11-Apr-04
16,UVA,University of Virginia-Main Campus,234076,1,11-Apr-04
17,BC,Boston College,164924,1,19-Apr-04
18,Tufts,Tufts University,168148,1,19-Apr-04
19,Northeastern,Northeastern University,167358,1,19-Apr-04
20,UIllinois,University of Illinois at Urbana-Champaign,145637,1,19-Apr-04
21,UF,University of Florida,134130,1,25-Apr-04
22,Wellesley,Wellesley College,168218,1,25-Apr-04
23,Michigan,University of Michigan-Ann Arbor,170976,1,25-Apr-04
24,MSU,Michigan State University,171100,1,25-Apr-04
25,Northwestern,Northwestern University,147767,1,25-Apr-04
26,UCLA,University of California-Los Angeles,110662,1,27-Apr-04
27,Emory,Emory University,139658,1,30-Apr-04
28,UNC,University of North Carolina at Chapel Hill,199120,1,30-Apr-04
29,Tulane,Tulane University of Louisiana,160755,1,30-Apr-04
30,UChicago,University of Chicago,144050,1,30-Apr-04
31,Rice,Rice University,227757,1,30-Apr-04
32,WashU,Washington University in St Louis,179867,1,2-May-04
33,UC,University of California-Davis,110644,1,20-May-04
34,UCSD,University of California-San Diego,110680,1,20-May-04
35,USC,University of Southern California,123961,1,23-Jun-04
36,Caltech,California Institute of Technology,110404,1,25-Jun-04
37,UCSB,University of California-Santa Barbara,110705,1,25-Jun-04
38,Rochester,University of Rochester,195030,1,4-Aug-04
39,Bucknell,Bucknell University,211291,1,4-Aug-04
40,Williams,Williams College,168342,1,8-Aug-04
41,Amherst,Amherst College,164465,1,8-Aug-04
42,Swarthmore,Swarthmore College,216287,1,8-Aug-04
43,Wesleyan,Wesleyan University,130697,1,8-Aug-04
44,Oberlin,Oberlin College,204501,1,8-Aug-04
45,Middlebury,Middlebury College,230959,1,8-Aug-04
46,Hamilton,Hamilton College,191515,1,8-Aug-04
47,Bowdoin,Bowdoin College,161004,1,8-Aug-04
48,Vanderbilt,Vanderbilt University,221999,1,21-Aug-04
49,Carnegie,Carnegie Mellon University,211440,1,21-Aug-04
50,UGA,University of Georgia,139959,1,21-Aug-04
51,USF,University of South Florida-Main Campus,137351,1,21-Aug-04
52,UCF,University of Central Florida,132903,1,21-Aug-04
53,FSU,Florida State University,134097,1,21-Aug-04
54,GWU,George Washington University,131469,1,21-Aug-04
55,Johns,Johns Hopkins University,162928,1,21-Aug-04
56,Syracuse,Syracuse University,196413,1,22-Aug-04
57,Notre Dame,University of Notre Dame,152080,1,22-Aug-04
58,Maryland,University of Maryland-College Park,163286,1,22-Aug-04
59,Maine,University of Maine,161253,2,7-Sep-04
60,Smith,Smith College,167835,2,7-Sep-04
61,UC,University of California-Irvine,110653,2,7-Sep-04
62,Villanova,Villanova University,216597,2,7-Sep-04
63,Virginia,Virginia Polytechnic Institute and State University,233921,2,7-Sep-04
64,UC,University of California-Riverside,110671,2,7-Sep-04
65,Cal,California Polytechnic State University-San Luis Obispo,110422,2,7-Sep-04
66,Mississippi,University of Mississippi,176017,2,7-Sep-04
67,Mich,Michigan Technological University,171128,2,7-Sep-04
68,UCSC,University of California-Santa Cruz,110714,2,7-Sep-04
69,Indiana,Indiana University-Bloomington,151351,2,7-Sep-04
70,Vermont,University of Vermont,231174,2,7-Sep-04
71,Auburn,Auburn University,100858,2,7-Sep-04
72,USFCA,University of San Francisco,122612,2,7-Sep-04
73,Wake,Wake Forest University,199847,2,7-Sep-04
74,Santa Clara,Santa Clara University,122931,2,7-Sep-04
75,American,American University,131159,2,7-Sep-04
76,Haverford,Haverford College,212911,2,7-Sep-04
77,William,College of William and Mary,231624,2,7-Sep-04
78,MU,Miami University-Oxford,204024,2,7-Sep-04
79,JMU,James Madison University,232423,2,7-Sep-04
80,Texas,The University of Texas at Austin,228778,2,7-Sep-04
81,Simmons,Simmons College,167783,2,7-Sep-04
82,Binghamton,SUNY at Binghamton,196079,2,7-Sep-04
83,Temple,Temple University,216339,2,7-Sep-04
84,Texas,Texas A & M University-College Station,228723,2,7-Sep-04
85,Vassar,Vassar College,197133,2,7-Sep-04
86,Pepperdine,Pepperdine University,121150,2,7-Sep-04
87,Wisconsin,University of Wisconsin-Madison,240444,2,7-Sep-04
88,Colgate,Colgate University,190099,2,7-Sep-04
89,Rutgers,Rutgers University-New Brunswick,186380,2,7-Sep-04
90,Howard,Howard University,131520,2,7-Sep-04
91,UConn,University of Connecticut,129020,2,7-Sep-04
92,UMass,University of Massachusetts-Amherst,166629,2,7-Sep-04
93,Baylor,Baylor University,223232,2,7-Sep-04
94,Penn,Pennsylvania State University-Main Campus,214777,2,7-Sep-04
95,Tennessee,The University of Tennessee-Knoxville,221759,2,7-Sep-04
96,Lehigh,Lehigh University,213543,2,7-Sep-04
97,Oklahoma,University of Oklahoma-Norman Campus,207500,2,7-Sep-04
98,Reed,Reed College,209922,2,7-Sep-04
99,Brandeis,Brandeis University,165015,2,7-Sep-04
100,Trinity,Trinity College,130590,2,24-Sep-04
101,Arizona ,UNIVERSITY OF ARIZONA,104179,2,24-Sep-04
102, Arizona State ,ARIZONA STATE UNIVERSITY EAST,420574,2,24-Sep-04
103, Bryn Mawr ,BRYN MAWR COLLEGE,211273,2,24-Sep-04
104,CU Boulder,UNIVERSITY OF COLORADO AT BOULDER,126614,2,24-Sep-04
105, Drexel ,DREXEL UNIVERSITY,212054,2,24-Sep-04
106, Loyola Marymount ,LOYOLA MARYMOUNT UNIVERSITY,117946,2,24-Sep-04
107, Miami ,UNIVERSITY OF MIAMI,135726,2,24-Sep-04
108, Mt. Holyoke ,MOUNT HOLYOKE COLLEGE,166939,2,24-Sep-04
109, Washington,UNIVERSITY OF WASHINGTON-TACOMA CAMPUS,377564,2,24-Sep-04
110,Babson ,BABSON COLLEGE,164580,2,13-Oct-04
111, Bates ,BATES COLLEGE,160977,2,13-Oct-04
112, Cal Poly Pomona ,CALIFORNIA STATE POLYTECHNIC UNIVERSITY-POMONA,110529,2,13-Oct-04
113, Calvin ,CALVIN COLLEGE,169080,2,13-Oct-04
114, Case Western ,CASE WESTERN RESERVE UNIVERSITY,201645,2,13-Oct-04
115, Claremont McKenna ,CLAREMONT MCKENNA COLLEGE,112260,2,13-Oct-04
116, Clemson ,CLEMSON UNIVERSITY,217882,2,13-Oct-04
117, Colby ,COLBY COLLEGE,161086,2,13-Oct-04
118, Conn College ,CONNECTICUT COLLEGE,128902,2,13-Oct-04
119, CUNY Baruch ,CUNY BERNARD M BARUCH COLLEGE,190512,2,13-Oct-04
120, CUNY Brooklyn ,CUNY BROOKLYN COLLEGE,190549,2,13-Oct-04
121, Davidson ,DAVIDSON COLLEGE,198385,2,13-Oct-04
122, Delaware ,UNIVERSITY OF DELAWARE,130943,2,13-Oct-04
123, Emerson ,EMERSON COLLEGE,165662,2,13-Oct-04
124, Fordham ,FORDHAM UNIVERSITY,191241,2,13-Oct-04
125, George Mason ,GEORGE MASON UNIVERSITY,232186,2,13-Oct-04
126, Georgia Tech ,GEORGIA INSTITUTE OF TECHNOLOGY-MAIN CAMPUS,139755,2,13-Oct-04
127, Holy Cross (MA) ,COLLEGE OF THE HOLY CROSS,166124,2,13-Oct-04
128, Hope ,HOPE COLLEGE,170301,2,13-Oct-04
129, Iowa ,UNIVERSITY OF IOWA,153658,2,13-Oct-04
130, Ithaca ,ITHACA COLLEGE,191968,2,13-Oct-04
131, Kentucky ,UNIVERSITY OF KENTUCKY,157085,2,13-Oct-04
132, Kenyon ,KENYON COLLEGE,203535,2,13-Oct-04
133, Lafayette ,LAFAYETTE COLLEGE,213385,2,13-Oct-04
134, Maryland BC ,UNIVERSITY OF MARYLAND-BALTIMORE COUNTY,163268,2,13-Oct-04
136, Minnesota ,UNIVERSITY OF MINNESOTA-TWIN CITIES,174066,2,10-Oct-04
137, Missouri (Mizzou) ,UNIVERSITY OF MISSOURI-COLUMBIA,178396,2,13-Oct-04
138, Morgan ,MORGAN STATE UNIVERSITY,163453,2,13-Oct-04
139, N.C. A&T ,NORTH CAROLINA  A &T STATE UNIVERSITY,199102,2,13-Oct-04
140, N.C. State ,NORTH CAROLINA STATE UNIVERSITY AT RALEIGH,199193,2,13-Oct-04
141, New Hampshire ,UNIVERSITY OF NEW HAMPSHIRE-MAIN CAMPUS,183044,2,13-Oct-04
142, New Mexico ,UNIVERSITY OF NEW MEXICO-MAIN CAMPUS,187985,2,13-Oct-04
143, Occidental ,OCCIDENTAL COLLEGE,120254,2,13-Oct-04
144, Ohio ,OHIO UNIVERSITY-MAIN CAMPUS,204857,2,13-Oct-04
145, Ohio State ,OHIO STATE UNIVERSITY-MAIN CAMPUS,204796,2,13-Oct-04
146, Oregon ,UNIVERSITY OF OREGON,209551,2,13-Oct-04
147, Pittsburgh ,UNIVERSITY OF PITTSBURGH-MAIN CAMPUS,215293,2,13-Oct-04
148, Purdue ,PURDUE UNIVERSITY-MAIN CAMPUS,243780,2,13-Oct-04
149, Rhode Island ,UNIVERSITY OF RHODE ISLAND,217484,2,13-Oct-04
150, Richmond ,UNIVERSITY OF RICHMOND,233374,2,13-Oct-04
151, RISD ,RHODE ISLAND SCHOOL OF DESIGN,217493,2,13-Oct-04
152, S.F. State ,SAN FRANCISCO STATE UNIVERSITY,122597,2,13-Oct-04
153, Skidmore ,SKIDMORE COLLEGE,195526,2,13-Oct-04
154, South Carolina ,UNIVERSITY OF SOUTH CAROLINA-COLUMBIA,218663,2,13-Oct-04
155, SUNY Albany ,SUNY AT ALBANY,196060,2,13-Oct-04
156, SUNY Buffalo ,SUNY COLLEGE AT BUFFALO,196130,2,13-Oct-04
157, SUNY Geneseo ,SUNY COLLEGE AT GENESEO,196167,2,13-Oct-04
158, SUNY Stonybrook ,SUNY AT STONY BROOK,196097,2,13-Oct-04
159, Union ,UNION UNIVERSITY,221971,2,13-Oct-04
160, USNA ,UNITED STATES NAVAL ACADEMY,164155,2,13-Oct-04
161, West Point ,UNITED STATES MILITARY ACADEMY,197036,2,13-Oct-04
162, West. Michigan ,WESTERN MICHIGAN UNIVERSITY,172699,2,13-Oct-04
163, Wheaton MA,WHEATON COLLEGE,168281,2,13-Oct-04
164, Pitzer ,PITZER COLLEGE,121257,2,15-Oct-04
165, Pomona ,POMONA COLLEGE,121345,2,15-Oct-04
166, Scripps ,SCRIPPS COLLEGE,123165,2,15-Oct-04
167, Dickinson ,DICKINSON COLLEGE,212009,2,18-Oct-04
168, Harvey Mudd ,HARVEY MUDD COLLEGE,115409,2,18-Oct-04
169, Iowa State ,IOWA STATE UNIVERSITY,153603,2,18-Oct-04
170, Kansas ,UNIVERSITY OF KANSAS MAIN CAMPUS,155317,2,18-Oct-04
171, Kansas State ,KANSAS STATE UNIVERSITY,155399,2,18-Oct-04
172, Nebraska - Lincoln ,University of Nebraska-Lincoln,181464,2,18-Oct-04
173, Oklahoma State ,OKLAHOMA STATE UNIVERSITY-MAIN CAMPUS,207388,2,18-Oct-04
174, Pratt ,PRATT INSTITUTE-MAIN,194578,2,18-Oct-04
175, Texas Tech ,TEXAS TECH UNIVERSITY,229115,2,18-Oct-04
177, BYU ,BRIGHAM YOUNG UNIVERSITY,230038,2,27-Oct-04
178, Carleton ,CARLETON COLLEGE,173258,2,27-Oct-04
179, Colorado State ,COLORADO STATE UNIVERSITY,126818,2,27-Oct-04
180, Denver ,UNIVERSITY OF DENVER,127060,2,27-Oct-04
181, Drew ,DREW UNIVERSITY,184348,2,27-Oct-04
182, Elon ,ELON UNIVERSITY,198516,2,27-Oct-04
183, Fairfield ,FAIRFIELD UNIVERSITY,129242,2,27-Oct-04
184, FIU ,FLORIDA INTERNATIONAL UNIVERSITY,133951,2,27-Oct-04
185, Fullerton ,FULLERTON COLLEGE,114859,2,27-Oct-04
186, Gettysburg ,GETTYSBURG COLLEGE,212674,2,27-Oct-04
187, Hawaii ,UNIVERSITY OF HAWAII AT MANOA,141574,2,27-Oct-04
188, Hofstra ,HOFSTRA UNIVERSITY,191649,2,27-Oct-04
189, Loyola Chicago ,LOYOLA UNIVERSITY CHICAGO,146719,2,27-Oct-04
190, Loyola Maryland ,Loyola University Maryland,163046,2,27-Oct-04
191, Loyola New Orleans ,LOYOLA UNIVERSITY NEW ORLEANS,159656,2,27-Oct-04
192, Macalester ,MACALESTER COLLEGE,173902,2,27-Oct-04
193, Marist ,MARIST COLLEGE,192819,2,27-Oct-04
194, Marquette ,MARQUETTE UNIVERSITY,239105,2,27-Oct-04
195, Oregon State ,OREGON STATE UNIVERSITY,209542,2,27-Oct-04
196, Pace ,PACE UNIVERSITY-NEW YORK,194310,2,27-Oct-04
197, Providence ,PROVIDENCE COLLEGE,217402,2,27-Oct-04
198, Puget Sound ,UNIVERSITY OF PUGET SOUND,236328,2,27-Oct-04
199, RPI ,RENSSELAER POLYTECHNIC INSTITUTE,194824,2,27-Oct-04
200, SMU ,SOUTHERN METHODIST UNIVERSITY,228246,2,27-Oct-04
202, Suffolk ,SUFFOLK UNIVERSITY,168005,2,27-Oct-04
203, Texas Christian ,TEXAS CHRISTIAN UNIVERSITY,228875,2,27-Oct-04
204, Towson ,TOWSON UNIVERSITY,164076,2,27-Oct-04
205, Washington and Lee,WASHINGTON AND LEE UNIVERSITY,234207,2,27-Oct-04
206,Arkansas ,UNIVERSITY OF ARKANSAS MAIN CAMPUS,106397,2,15-Nov-04
207, Ball State ,BALL STATE UNIVERSITY,150136,2,15-Nov-04
208, Berklee ,BERKLEE COLLEGE OF MUSIC,164748,2,15-Nov-04
209, Bowling Green ,BOWLING GREEN STATE UNIVERSITY-FIRELANDS,201432,2,15-Nov-04
211, Butler ,BUTLER UNIVERSITY,150163,2,15-Nov-04
212, Catholic ,CATHOLIC UNIVERSITY OF AMERICA,131283,2,15-Nov-04
213, Central Mich. ,CENTRAL MICHIGAN UNIVERSITY,169248,2,15-Nov-04
214, Cincinnati ,UNIVERSITY OF CINCINNATI-MAIN CAMPUS,201885,2,15-Nov-04
216, Clarkson ,CLARKSON UNIVERSITY,190044,2,15-Nov-04
217, COFC ,COLLEGE OF CHARLESTON,217819,2,15-Nov-04
218, Dayton ,UNIVERSITY OF DAYTON,202480,2,15-Nov-04
219, Depaul ,DEPAUL UNIVERSITY,144740,2,15-Nov-04
220, Depauw ,DEPAUW UNIVERSITY,150400,2,15-Nov-04
221, East Carolina ,EAST CAROLINA UNIVERSITY,198464,2,15-Nov-04
222, Fairleigh Dickinson ,FAIRLEIGH DICKINSON UNIVERSITY-METROPOLITAN CAMPUS,184603,2,15-Nov-04
222, Fairleigh Dickinson ,FAIRLEIGH DICKINSON UNIVERSITY-COLLEGE AT FLORHAM,184694,2,15-Nov-04
223, Georgia State ,GEORGIA STATE UNIVERSITY,139940,2,15-Nov-04
224, Grand Valley State,GRAND VALLEY STATE UNIVERSITY,170082,2,15-Nov-04
225, Grinnell ,GRINNELL COLLEGE,153384,2,15-Nov-04
226, Hampshire ,HAMPSHIRE COLLEGE,166018,2,15-Nov-04
227, Hartford ,UNIVERSITY OF HARTFORD,129525,2,15-Nov-04
228, Illinois State ,ILLINOIS STATE UNIVERSITY,145813,2,15-Nov-04
229, Iona ,IONA COLLEGE,191931,2,15-Nov-04
230, IUP ,INDIANA UNIVERSITY OF PENNSYLVANIA-MAIN CAMPUS,213020,2,15-Nov-04
231, Kennesaw ,KENNESAW STATE UNIVERSITY,140164,2,15-Nov-04
232, Kent State ,KENT STATE UNIVERSITY-MAIN CAMPUS,203517,2,15-Nov-04
233, LSU ,LOUISIANA STATE UNIVERSITY-EUNICE,159407,2,15-Nov-04
234, Mary Washington ,UNIVERSITY OF MARY WASHINGTON,232681,2,15-Nov-04
235, Montana ,THE UNIVERSITY OF MONTANA-MISSOULA,180489,2,15-Nov-04
236, Morehouse ,MOREHOUSE COLLEGE,140553,2,15-Nov-04
237, North Texas ,UNIVERSITY OF NORTH TEXAS,227216,2,15-Nov-04
238, Ohio Wesleyan ,OHIO WESLEYAN UNIVERSITY,204909,2,15-Nov-04
239, Quinnipiac ,QUINNIPIAC UNIVERSITY,130226,2,15-Nov-04
240, Rider ,RIDER UNIVERSITY,186283,2,15-Nov-04
241, RIT ,ROCHESTER INSTITUTE OF TECHNOLOGY,195003,2,15-Nov-04
242, San Diego ,UNIVERSITY OF SAN DIEGO,122436,2,15-Nov-04
243, San Diego State ,SAN DIEGO STATE UNIVERSITY,122409,2,15-Nov-04
244, SUNY Cortland ,SUNY COLLEGE AT CORTLAND,196149,2,15-Nov-04
245, SUNY Oneonta ,SUNY COLLEGE AT ONEONTA,196185,2,15-Nov-04
246, Tampa ,THE UNIVERSITY OF TAMPA,137847,2,15-Nov-04
247, TCNJ ,THE COLLEGE OF NEW JERSEY,187134,2,15-Nov-04
248, Texas Arlington ,THE UNIVERSITY OF TEXAS AT ARLINGTON,228769,2,15-Nov-04
249, Texas San Antonio ,THE UNIVERSITY OF TEXAS AT SAN ANTONIO,229027,2,15-Nov-04
250, Trinity U ,TRINITY UNIVERSITY,229267,2,15-Nov-04
251, UAB ,UNIVERSITY OF ALABAMA AT BIRMINGHAM,100663,2,15-Nov-04
252, UNC Greensboro ,UNIVERSITY OF NORTH CAROLINA AT GREENSBORO,199148,2,15-Nov-04
253, UNF ,UNIVERSITY OF NORTH FLORIDA,136172,2,15-Nov-04
254, Nevada LV ,UNIVERSITY OF NEVADA-LAS VEGAS,182281,2,15-Nov-04
255, Nevada Reno ,UNIVERSITY OF NEVADA-RENO,182290,2,15-Nov-04
256, USAFA ,UNITED STATES AIR FORCE ACADEMY,128328,2,15-Nov-04
257, VCU ,VIRGINIA COMMONWEALTH UNIVERSITY,234030,2,15-Nov-04
258, Vermont Tech ,VERMONT TECHNICAL COLLEGE,231165,2,15-Nov-04
259, Wayne State ,WAYNE STATE UNIVERSITY,172644,2,15-Nov-04
260, West Virginia ,WEST VIRGINIA UNIVERSITY,238032,2,15-Nov-04
261, West Washington,WESTERN WASHINGTON UNIVERSITY,237011,2,15-Nov-04
262,Alabama ,THE UNIVERSITY OF ALABAMA,100751,2,24-Nov-04
263, Appalachian State ,APPALACHIAN STATE UNIVERSITY,197869,2,24-Nov-04
264, Cooper Union ,COOPER UNION FOR THE ADVANCEMENT OF SCIENCE AND ART,190372,2,24-Nov-04
265, CSU Sacramento ,CALIFORNIA STATE UNIVERSITY-SACRAMENTO,110617,2,24-Nov-04
266, CUNY Hunter ,CUNY HUNTER COLLEGE,190594,2,24-Nov-04
267, Denison ,DENISON UNIVERSITY,202523,2,24-Nov-04
268, Furman ,FURMAN UNIVERSITY,218070,2,24-Nov-04
269, Gonzaga ,GONZAGA UNIVERSITY,235316,2,24-Nov-04
270, IUPUI ,INDIANA UNIVERSITY-PURDUE UNIVERSITY-INDIANAPOLIS,151111,2,24-Nov-04
271, Kutztown ,KUTZTOWN UNIVERSITY OF PENNSYLVANIA,213349,2,24-Nov-04
272, Marymount ,MARYMOUNT UNIVERSITY,232706,2,24-Nov-04
273, Marymount Manhattan ,MARYMOUNT MANHATTAN COLLEGE,192864,2,24-Nov-04
274, Monmouth ,MONMOUTH UNIVERSITY,185572,2,24-Nov-04
275, Montclair ,MONTCLAIR STATE UNIVERSITY,185590,2,24-Nov-04
276, MS State ,MISSISSIPPI STATE UNIVERSITY,176080,2,24-Nov-04
277, Muhlenberg ,MUHLENBERG COLLEGE,214175,2,24-Nov-04
278, N. Arizona ,NORTHERN ARIZONA UNIVERSITY,105330,2,24-Nov-04
279, North Dakota ,UNIVERSITY OF NORTH DAKOTA-MAIN CAMPUS,200280,2,24-Nov-04
280, Portland ,UNIVERSITY OF PORTLAND,209825,2,24-Nov-04
281, Rose-Hulman ,ROSE-HULMAN INSTITUTE OF TECHNOLOGY,152318,2,24-Nov-04
282, Sacred Heart ,SACRED HEART UNIVERSITY,130253,2,24-Nov-04
283, Sarah Lawrence ,SARAH LAWRENCE COLLEGE,195304,2,24-Nov-04
284, Seton Hall ,SETON HALL UNIVERSITY,186584,2,24-Nov-04
285, St. Johns ,ST JOHN'S COLLEGE,163976,2,24-Nov-04
285, St. Johns ,ST JOHN'S COLLEGE,245652,2,24-Nov-04
285, St. Lawrence ,ST LAWRENCE UNIVERSITY,195216,2,24-Nov-04
286, SUNY New Paltz ,SUNY COLLEGE AT NEW PALTZ,196176,2,24-Nov-04
287, SUNY Oswego ,SUNY COLLEGE AT OSWEGO,196194,2,24-Nov-04
288, Texas State ,TEXAS STATE UNIVERSITY-SAN MARCOS,228459,2,24-Nov-04
290, Tulsa ,UNIVERSITY OF TULSA,207971,2,24-Nov-04
291, Pacific ,UNIVERSITY OF THE PACIFIC,120883,2,24-Nov-04
292, Utah ,UNIVERSITY OF UTAH,230764,2,24-Nov-04
293, Washington State ,WASHINGTON STATE UNIVERSITY,236939,2,24-Nov-04
294, Willamette ,WILLAMETTE UNIVERSITY,210401,2,24-Nov-04
295, Wisconsin Milwauke ,UNIVERSITY OF WISCONSIN-MILWAUKEE,240453,2,24-Nov-04
296, WPI ,WORCESTER POLYTECHNIC INSTITUTE,168421,2,24-Nov-04
297, Xavier,XAVIER UNIVERSITY,206622,2,24-Nov-04
299, Bard ,BARD COLLEGE,189088,3,14-Jan-05
300, Bradley ,BRADLEY UNIVERSITY,143358,3,14-Jan-05
301, Bryant ,BRYANT UNIVERSITY,217165,3,14-Jan-05
302, BSC ,Bismarck State College,200022,3,14-Jan-05
303, CNU ,CHRISTOPHER NEWPORT UNIVERSITY,231712,3,14-Jan-05
304, Col. College ,COLORADO COLLEGE,126678,3,14-Jan-05
305, Creighton ,CREIGHTON UNIVERSITY,181002,3,14-Jan-05
306, CSU Chico ,CALIFORNIA STATE UNIVERSITY-CHICO,110538,3,14-Jan-05
307, CSU Fresno ,CALIFORNIA STATE UNIVERSITY-FRESNO,110556,3,14-Jan-05
308, CSU Humboldt ,HUMBOLDT STATE UNIVERSITY,115755,3,14-Jan-05
309, CSU Long Beach ,CALIFORNIA STATE UNIVERSITY-LONG BEACH,110583,3,14-Jan-05
310, CSU Northridge ,CALIFORNIA STATE UNIVERSITY-NORTHRIDGE,110608,3,14-Jan-05
311, E. Illinois ,EASTERN ILLINOIS UNIVERSITY,144892,3,14-Jan-05
312, E. Michigan ,EASTERN MICHIGAN UNIVERSITY,169798,3,12-Jan-05
313, Eastern ,EASTERN UNIVERSITY,212133,3,14-Jan-05
314, F & M ,FRANKLIN AND MARSHALL COLLEGE,212577,3,14-Jan-05
315, FAU ,FLORIDA ATLANTIC UNIVERSITY-BOCA RATON,133669,3,14-Jan-05
316, Flagler ,FLAGLER COLLEGE,133711,3,14-Jan-05
317, GA Southern ,GEORGIA SOUTHERN UNIVERSITY,139931,3,14-Jan-05
318, HWS ,HOBART WILLIAM SMITH COLLEGES,191630,3,14-Jan-05
319, Ill. Chicago ,UNIVERSITY OF ILLINOIS AT CHICAGO,145600,3,14-Jan-05
320, Indiana State ,INDIANA STATE UNIVERSITY,151324,3,14-Jan-05
321, Keene State ,KEENE STATE COLLEGE,183062,3,14-Jan-05
322, Lewis & Clark ,LEWIS & CLARK COLLEGE,209056,3,14-Jan-05
323, Lynchburg ,LYNCHBURG COLLEGE,232609,3,14-Jan-05
324, Manhattan College ,MANHATTAN COLLEGE,192703,3,14-Jan-05
325, N. Illinois ,NORTHERN ILLINOIS UNIVERSITY,147703,3,14-Jan-05
326, ND State ,NORTH DAKOTA STATE UNIVERSITY-MAIN CAMPUS,200332,3,14-Jan-05
327, Old Dominion ,OLD DOMINION UNIVERSITY,232982,3,14-Jan-05
328, Radford ,RADFORD UNIVERSITY,233277,3,14-Jan-05
329, Rollins ,ROLLINS COLLEGE,136950,3,14-Jan-05
330, Rowan ,ROWAN UNIVERSITY,184782,3,14-Jan-05
331, Scranton ,UNIVERSITY OF SCRANTON,215929,3,14-Jan-05
332, Seattle ,SEATTLE UNIVERSITY,236595,3,14-Jan-05
333, Sonoma ,SONOMA STATE UNIVERSITY,123572,3,14-Jan-05
334, St. Louis ,SAINT LOUIS UNIVERSITY-MAIN CAMPUS,179159,3,14-Jan-05
335, Toledo ,UNIVERSITY OF TOLEDO,206084,3,14-Jan-05
336,W. Illinois ,WESTERN ILLINOIS UNIVERSITY,149772,3,14-Jan-05
337, West Chester ,WEST CHESTER UNIVERSITY OF PENNSYLVANIA,216764,3,14-Jan-05
338, WPUNJ,WILLIAM PATERSON UNIVERSITY OF NEW JERSEY,187444,3,14-Jan-05
339,Adelphi ,ADELPHI UNIVERSITY,188429,3,3-Feb-05
340, Albion ,ALBION COLLEGE,168546,3,3-Feb-05
342, Austin College ,AUSTIN COLLEGE,222983,3,3-Feb-05
343, Belmont ,BELMONT UNIVERSITY,219709,3,3-Feb-05
344, Bridgewater State ,BRIDGEWATER STATE COLLEGE,165024,3,3-Feb-05
346, Chapman ,CHAPMAN UNIVERSITY,111948,3,3-Feb-05
347, Dominican ,DOMINICAN UNIVERSITY OF CALIFORNIA,113698,3,3-Feb-05
348, Drake ,DRAKE UNIVERSITY,153269,3,3-Feb-05
349, Duquesne ,DUQUESNE UNIVERSITY,212106,3,3-Feb-05
351, Long Island ,LIU Brooklyn,192439,3,3-Feb-05
352, Long Island ,LIU Post,192448,3,3-Feb-05
354, Millersville ,MILLERSVILLE UNIVERSITY OF PENNSYLVANIA,214041,3,3-Feb-05
355, New School ,NEW SCHOOL UNIVERSITY,193654,3,3-Feb-05
356, Ohio Northern ,OHIO NORTHERN UNIVERSITY,204635,3,3-Feb-05
359, Ramapo ,RAMAPO COLLEGE OF NEW JERSEY,186201,3,3-Feb-05
360, Rhodes ,RHODES COLLEGE,221351,3,3-Feb-05
361, Roger Williams ,ROGER WILLIAMS UNIVERSITY,217518,3,3-Feb-05
362, San Jose State ,SAN JOSE STATE UNIVERSITY,122755,3,3-Feb-05
363, SHSU ,SAM HOUSTON STATE UNIVERSITY,227881,3,3-Feb-05
364, Siena ,SIENA COLLEGE,195474,3,3-Feb-05
365, SMSU ,SOUTHWEST MINNESOTA STATE UNIVERSITY,175078,3,3-Feb-05
366, Spelman ,SPELMAN COLLEGE,141060,3,3-Feb-05
367, St. Andrews ,St. Andrews University,199698,3,3-Feb-05
368, St. Josephs ,SAINT JOSEPHS UNIVERSITY,215770,3,3-Feb-05
369, Stonehill ,STONEHILL COLLEGE,167996,3,3-Feb-05
372, Truman State ,TRUMAN STATE UNIVERSITY,178615,3,3-Feb-05
373, UNC Charlotte ,UNIVERSITY OF NORTH CAROLINA AT CHARLOTTE,199139,3,3-Feb-05
374, Ursinus,URSINUS COLLEGE,216524,3,3-Feb-05
375,Akron ,UNIVERSITY OF AKRON MAIN CAMPUS,200800,3,2-Mar-05
376, Assumption ,ASSUMPTION COLLEGE,164562,3,2-Mar-05
377, Bloomsburg ,BLOOMSBURG UNIVERSITY OF PENNSYLVANIA,211158,3,2-Mar-05
378, C. Washington ,CENTRAL WASHINGTON UNIVERSITY,234827,3,2-Mar-05
379, Coastal Carolina ,COASTAL CAROLINA UNIVERSITY,218724,3,2-Mar-05
380, Eastern CT ,EASTERN CONNECTICUT STATE UNIVERSITY,129215,3,2-Mar-05
381, Elizabethtown ,ELIZABETHTOWN COLLEGE,212197,3,2-Mar-05
382, Embry-Riddle ,EMBRY RIDDLE AERONAUTICAL UNIVERSITY-PRESCOTT,104586,3,2-Mar-05
383, Ferris State ,FERRIS STATE UNIVERSITY,169910,3,2-Mar-05
384, FIT ,FASHION INSTITUTE OF TECHNOLOGY,191126,3,2-Mar-05
385, GCSU ,GEORGIA COLLEGE AND STATE UNIVERSITY,139861,3,2-Mar-05
386, Goucher ,GOUCHER COLLEGE,162654,3,2-Mar-05
387, Hampton ,HAMPTON UNIVERSITY,232265,3,2-Mar-05
388, Hawaii Pacific ,HAWAII PACIFIC UNIVERSITY,141644,3,2-Mar-05
389, Houston ,UNIVERSITY OF HOUSTON-UNIVERSITY PARK,225511,3,2-Mar-05
390, Idaho ,UNIVERSITY OF IDAHO,142285,3,2-Mar-05
391, Idaho State ,IDAHO STATE UNIVERSITY,142276,3,2-Mar-05
392, Ill. Wesleyan ,ILLINOIS WESLEYAN UNIVERSITY,145646,3,2-Mar-05
393, Indianapolis ,UNIVERSITY OF INDIANAPOLIS,151263,3,2-Mar-05
394, John Carroll ,JOHN CARROLL UNIVERSITY,203368,3,2-Mar-05
395, JWU ,JOHNSON & WALES UNIVERSITY,217235,3,2-Mar-05
396, Kalamazoo ,KALAMAZOO COLLEGE,170532,3,2-Mar-05
397, Kean ,KEAN UNIVERSITY,185262,3,2-Mar-05
398, LaSalle ,LA SALLE UNIVERSITY,213367,3,2-Mar-05
399, Longwood ,LONGWOOD UNIVERSITY,232566,3,2-Mar-05
400, Louisville ,UNIVERSITY OF LOUISVILLE,157289,3,2-Mar-05
401, Marshall ,MARSHALL UNIVERSITY,237525,3,2-Mar-05
402, Memphis ,UNIVERSITY OF MEMPHIS,220862,3,2-Mar-05
403, Mines ,COLORADO SCHOOL OF MINES,126775,3,2-Mar-05
404, Moravian ,MORAVIAN COLLEGE AND THEOLOGICAL SEMINARY,214157,3,2-Mar-05
405, MTSU ,MIDDLE TENNESSEE STATE UNIVERSITY,220978,3,2-Mar-05
406, N. Colorado ,UNIVERSITY OF NORTHERN COLORADO,127741,3,2-Mar-05
407, N. Michigan ,NORTHERN MICHIGAN UNIVERSITY,171456,3,2-Mar-05
408, Oakland ,OAKLAND UNIVERSITY,171571,3,2-Mar-05
409, Portland State ,PORTLAND STATE UNIVERSITY,209807,3,2-Mar-05
410, Salisbury ,SALISBURY UNIVERSITY,163851,3,2-Mar-05
411, Salve Regina ,SALVE REGINA UNIVERSITY,217536,3,2-Mar-05
412, Samford ,SAMFORD UNIVERSITY,102049,3,2-Mar-05
413, SCAD ,SAVANNAH COLLEGE OF ART AND DESIGN,140951,3,2-Mar-05
414, Seattle Pacific ,SEATTLE PACIFIC UNIVERSITY,236577,3,2-Mar-05
415, SFASU ,STEPHEN F AUSTIN STATE UNIVERSITY,228431,3,2-Mar-05
416, SIU Carbondale ,SOUTHERN ILLINOIS UNIVERSITY CARBONDALE,149222,3,2-Mar-05
417, SIU Edwardsville ,SOUTHERN ILLINOIS UNIVERSITY EDWARDSVILLE,149231,3,2-Mar-05
418, South Dakota ,UNIVERSITY OF SOUTH DAKOTA,219471,3,2-Mar-05
419, Southern Miss. ,UNIVERSITY OF SOUTHERN MISSISSIPPI,176372,3,2-Mar-05
420, Southwestern ,SOUTHWESTERN UNIVERSITY,228343,3,2-Mar-05
421, St. Olaf ,SAINT OLAF COLLEGE,174844,3,2-Mar-05
422, St. Thomas ,UNIVERSITY OF ST THOMAS,174914,3,2-Mar-05
423, SUNY Brockport ,SUNY COLLEGE AT BROCKPORT,196121,3,2-Mar-05
424, Susquehanna ,SUSQUEHANNA UNIVERSITY,216278,3,2-Mar-05
425, SVA ,SCHOOL OF VISUAL ARTS,197151,3,2-Mar-05
426, UMass Dartmouth ,UNIVERSITY OF MASSACHUSETTS-DARTMOUTH,167987,3,2-Mar-05
427, UNC Wilmington ,UNIVERSITY OF NORTH CAROLINA-WILMINGTON,199218,3,2-Mar-05
428, UNI ,UNIVERSITY OF NORTHERN IOWA,154095,3,2-Mar-05
429, Valparaiso ,VALPARAISO UNIVERSITY,152600,3,2-Mar-05
430, W. Kentucky ,WESTERN KENTUCKY UNIVERSITY,157951,3,2-Mar-05
431, Wentworth ,WENTWORTH INSTITUTE OF TECHNOLOGY,168227,3,2-Mar-05
432, Wooster ,COLLEGE OF WOOSTER,206589,3,2-Mar-05
433, Wright State ,WRIGHT STATE UNIVERSITY-LAKE CAMPUS,206613,3,2-Mar-05
434, YCP ,YORK COLLEGE PENNSYLVANIA,217059,3,2-Mar-05
435,Alfred ,ALFRED UNIVERSITY,188641,3,8-Apr-05
436,Alfred State ,SUNY COLLEGE OF TECHNOLOGY AT ALFRED,196006,3,8-Apr-05
437, C. Connecticut ,CENTRAL CONNECTICUT STATE UNIVERSITY,128771,3,8-Apr-05
438, C. Oklahoma ,UNIVERSITY OF CENTRAL OKLAHOMA,206941,3,8-Apr-05
439, Citadel ,CITADEL MILITARY COLLEGE OF SOUTH CAROLINA,217864,3,8-Apr-05
440, Columbia College ,COLUMBIA COLLEGE,404806,3,8-Apr-05
441, Concordia CA ,CONCORDIA UNIVERSITY,112075,3,8-Apr-05
442, Concordia TX ,CONCORDIA UNIVERSITY AT AUSTIN,224004,3,8-Apr-05
443, CUNY Queens ,CUNY QUEENS COLLEGE,190664,3,8-Apr-05
444, E. Kentucky ,EASTERN KENTUCKY UNIVERSITY,156620,3,8-Apr-05
445, E. Stroudsburg ,EAST STROUDSBURG UNIVERSITY OF PENNSYLVANIA,212115,3,8-Apr-05
446, E. Washington ,EASTERN WASHINGTON UNIVERSITY,235097,3,8-Apr-05
447, Elmhurst ,ELMHURST COLLEGE,144962,3,8-Apr-05
448, Emmanuel ,EMMANUEL COLLEGE,165671,3,8-Apr-05
449, Florida A&M; ,FLORIDA AGRICULTURAL AND MECHANICAL UNIVERSITY,133650,3,8-Apr-05
450, Framingham ,FRAMINGHAM STATE COLLEGE,165866,3,8-Apr-05
451, LA Tech ,LOUISIANA TECH UNIVERSITY,159647,3,8-Apr-05
452, Lawrence ,LAWRENCE UNIVERSITY,239017,3,8-Apr-05
453, Louisiana ,University of Louisiana at Lafayette,160658,3,8-Apr-05
454, Manhattanville ,MANHATTANVILLE COLLEGE,192749,3,8-Apr-05
455, Mercer ,MERCER UNIVERSITY,140447,3,8-Apr-05
456, Mercyhurst ,MERCYHURST COLLEGE,213987,3,8-Apr-05
457, Meredith ,MEREDITH COLLEGE,198950,3,8-Apr-05
458, Merrimack ,MERRIMACK COLLEGE,166850,3,8-Apr-05
459, Millikin ,MILLIKIN UNIVERSITY,147244,3,8-Apr-05
460, MT Bozeman ,MONTANA STATE UNIVERSITY-BOZEMAN,180461,3,8-Apr-05
461, New Orleans ,UNIVERSITY OF NEW ORLEANS,159939,3,8-Apr-05
462, Niagara ,NIAGARA UNIVERSITY,193973,3,8-Apr-05
463, NMSU ,NEW MEXICO STATE UNIVERSITY-MAIN CAMPUS,188030,3,8-Apr-05
464, Pacific Lutheran ,PACIFIC LUTHERAN UNIVERSITY,236230,3,8-Apr-05
465, Plymouth ,PLYMOUTH STATE UNIVERSITY,183080,3,8-Apr-05
466, Presbyterian ,PRESBYTERIAN COLLEGE,218539,3,8-Apr-05
467, Redlands ,UNIVERSITY OF REDLANDS,121691,3,8-Apr-05
468, Roanoke ,ROANOKE COLLEGE,233426,3,8-Apr-05
469, S. Connecticut ,SOUTHERN CONNECTICUT STATE UNIVERSITY,130493,3,8-Apr-05
470, S. Indiana ,UNIVERSITY OF SOUTHERN INDIANA,151306,3,8-Apr-05
471, SEMO ,SOUTHEAST MISSOURI STATE UNIVERSITY,179557,3,8-Apr-05
472, Sewanee ,SEWANEE: THE UNIVERSITY OF THE SOUTH,221519,3,8-Apr-05
473, Shippensburg ,SHIPPENSBURG UNIVERSITY OF PENNSYLVANIA,216010,3,8-Apr-05
474, Slippery Rock ,SLIPPERY ROCK UNIVERSITY OF PENNSYLVANIA,216038,3,8-Apr-05
475, Stevens ,STEVENS INSTITUTE OF TECHNOLOGY,186867,3,8-Apr-05
477, SUNY Fredonia ,SUNY COLLEGE AT FREDONIA,196158,3,8-Apr-05
478, SUNY Plattsburgh ,SUNY COLLEGE AT PLATTSBURGH,196246,3,8-Apr-05
479, SUNY Potsdam ,SUNY-POTSDAM,196200,3,8-Apr-05
480, SUNY Purchase ,SUNY COLLEGE AT PURCHASE,196219,3,8-Apr-05
481, Troy State ,TROY STATE UNIVERSITY-MAIN CAMPUS,102368,3,8-Apr-05
482, UT Dallas ,THE UNIVERSITY OF TEXAS AT DALLAS,228787,3,8-Apr-05
483, Valdosta ,VALDOSTA STATE UNIVERSITY,141264,3,8-Apr-05
484, VMI ,VIRGINIA MILITARY INSTITUTE,234085,3,8-Apr-05
485, W. Carolina ,WESTERN CAROLINA UNIVERSITY,200004,3,8-Apr-05
486, W. Georgia ,STATE UNIVERSITY OF WEST GEORGIA,141334,3,8-Apr-05
487, Wabash ,WABASH COLLEGE,152673,3,8-Apr-05
488, Wagner ,WAGNER COLLEGE,197197,3,8-Apr-05
489, Wash. College ,WASHINGTON COLLEGE,164216,3,8-Apr-05
490, Westfield State ,WESTFIELD STATE COLLEGE,168263,3,8-Apr-05
491, Whitman ,WHITMAN COLLEGE,237057,3,8-Apr-05
492, Wichita ,WICHITA STATE UNIVERSITY,156125,3,8-Apr-05
493, Wilkes ,WILKES UNIVERSITY,216931,3,8-Apr-05
494, Winona ,WINONA STATE UNIVERSITY,175272,3,8-Apr-05
495, Winthrop ,WINTHROP UNIVERSITY,218964,3,8-Apr-05
496, Wittenberg ,WITTENBERG UNIVERSITY,206525,3,8-Apr-05
497, Wyoming ,UNIVERSITY OF WYOMING,240727,3,8-Apr-05
499, Youngstown,YOUNGSTOWN STATE UNIVERSITY,206695,3,8-Apr-05
500,Abilene Christian ,ABILENE CHRISTIAN UNIVERSITY,222178,3,18-Apr-05
501, Agnes Scott ,AGNES SCOTT COLLEGE,138600,3,18-Apr-05
502, Albright ,ALBRIGHT COLLEGE,210571,3,18-Apr-05
503, Allegheny ,ALLEGHENY COLLEGE,210669,3,18-Apr-05
504, Anderson ,ANDERSON UNIVERSITY,150066,3,18-Apr-05
505, Angelo State ,ANGELO STATE UNIVERSITY,222831,3,18-Apr-05
506, Arcadia ,ARCADIA UNIVERSITY,211088,3,18-Apr-05
507, Arts ,THE UNIVERSITY OF THE ARTS,215105,3,18-Apr-05
508, Azusa Pacific ,AZUSA PACIFIC UNIVERSITY,109785,3,18-Apr-05
509, Beloit ,BELOIT COLLEGE,238333,3,18-Apr-05
510, Boise State ,BOISE STATE UNIVERSITY,142115,3,18-Apr-05
511, C. Arkansas ,UNIVERSITY OF CENTRAL ARKANSAS,106704,3,18-Apr-05
512, C. Missouri ,CENTRAL MISSOURI STATE UNIVERSITY,176965,3,18-Apr-05
513, Cal. Lutheran ,CALIFORNIA LUTHERAN UNIVERSITY,110413,3,18-Apr-05
514, Campbell ,CAMPBELL UNIVERSITY INC,198136,3,18-Apr-05
515, Canisius ,CANISIUS COLLEGE,189705,3,18-Apr-05
516, Capital ,CAPITAL UNIVERSITY,201548,3,18-Apr-05
517, Carthage ,CARTHAGE COLLEGE,238476,3,18-Apr-05
518, Christian Brothers ,CHRISTIAN BROTHERS UNIVERSITY,219833,3,18-Apr-05
519, Clark Atlanta ,CLARK ATLANTA UNIVERSITY,138947,3,18-Apr-05
520, Cleveland State ,CLEVELAND STATE UNIVERSITY,202134,3,18-Apr-05
521, Columbus State ,COLUMBUS STATE UNIVERSITY,139366,3,18-Apr-05
522, CSCC ,COLUMBUS STATE COMMUNITY COLLEGE,202222,3,18-Apr-05
523, CUNY City ,CUNY CITY COLLEGE,190567,3,18-Apr-05
524, Delta State ,DELTA STATE UNIVERSITY,175616,3,18-Apr-05
525, DeSales ,DESALES UNIVERSITY,210739,3,18-Apr-05
526, Eckerd ,ECKERD COLLEGE,133492,3,18-Apr-05
527, Endicott ,ENDICOTT COLLEGE,165699,3,18-Apr-05
528, ETSU ,EAST TENNESSEE STATE UNIVERSITY,220075,3,18-Apr-05
529, Evansville ,UNIVERSITY OF EVANSVILLE,150534,3,18-Apr-05
530, Frostburg ,FROSTBURG STATE UNIVERSITY,162584,3,18-Apr-05
531, Guilford ,GUILFORD COLLEGE,198613,3,18-Apr-05
532, Gustavus ,GUSTAVUS ADOLPHUS COLLEGE,173647,3,18-Apr-05
533, Hampden-Sydney ,HAMPDEN-SYDNEY COLLEGE,232256,3,18-Apr-05
534, Hartwick ,HARTWICK COLLEGE,191533,3,18-Apr-05
535, Hendrix ,HENDRIX COLLEGE,107080,3,18-Apr-05
536, Illinois Tech ,ILLINOIS INSTITUTE OF TECHNOLOGY,145725,3,18-Apr-05
537, IPFW ,INDIANA UNIVERSITY-PURDUE UNIVERSITY-FORT WAYNE,151102,3,18-Apr-05
538, Jacksonville ,JACKSONVILLE UNIVERSITY,134945,3,18-Apr-05
539, John Jay ,CUNY JOHN JAY COLLEGE CRIMINAL JUSTICE,190600,3,18-Apr-05
540, Kettering ,KETTERING UNIVERSITY,169983,3,18-Apr-05
541, Lake Forest ,LAKE FOREST COLLEGE,146481,3,18-Apr-05
542, Lamar ,LAMAR UNIVERSITY,226091,3,18-Apr-05
543, Liberty ,LIBERTY UNIVERSITY,232557,3,18-Apr-05
544, Lock Haven ,LOCK HAVEN UNIVERSITY OF PENNSYLVANIA,213613,3,18-Apr-05
545, McDaniel ,MCDANIEL COLLEGE,164270,3,18-Apr-05
546, Messiah ,MESSIAH COLLEGE,213996,3,18-Apr-05
547, Millsaps ,MILLSAPS COLLEGE,175980,3,18-Apr-05
548, MSOE ,MILWAUKEE SCHOOL OF ENGINEERING,239318,3,18-Apr-05
549, Murray State ,MURRAY STATE COLLEGE,207236,3,18-Apr-05
550, N. Georgia ,NORTH GEORGIA COLLEGE & STATE UNIVERSITY,140669,3,18-Apr-05
551, N. Kentucky ,NORTHERN KENTUCKY UNIVERSITY,157447,3,18-Apr-05
552, NJIT ,NEW JERSEY INSTITUTE OF TECHNOLOGY,185828,3,18-Apr-05
553, Nova ,NOVA SOUTHEASTERN UNIVERSITY,136215,3,18-Apr-05
554, NYIT ,NEW YORK INSTITUTE OF TECHNOLOGY-OLD WESTBURY,194091,3,18-Apr-05
555, Otterbein ,OTTERBEIN COLLEGE,204936,3,18-Apr-05
556, Philadelphia ,PHILADELPHIA UNIVERSITY,215099,3,18-Apr-05
557, RIC ,RHODE ISLAND COLLEGE,217420,3,18-Apr-05
558, S. Alabama ,UNIVERSITY OF SOUTH ALABAMA,102094,3,18-Apr-05
559, S.E. Louisiana ,SOUTHEASTERN LOUISIANA UNIVERSITY,160612,3,18-Apr-05
560, Saginaw Valley ,SAGINAW VALLEY STATE UNIVERSITY,172051,3,18-Apr-05
561, Salem State ,Salem State University,167729,3,18-Apr-05
562, Shepherd ,SHEPHERD UNIVERSITY,237792,3,18-Apr-05
564, St. Rose ,THE COLLEGE OF SAINT ROSE,195234,3,18-Apr-05
565, Sweet Briar ,SWEET BRIAR COLLEGE,233718,3,18-Apr-05
566, Tarleton ,TARLETON STATE UNIVERSITY,228529,3,18-Apr-05
567, TN Chattanooga ,THE UNIVERSITY OF TENNESSEE-CHATTANOOGA,221740,3,18-Apr-05
568, TN Tech ,TENNESSEE TECHNOLOGICAL UNIVERSITY,221847,3,18-Apr-05
569, UMass Lowell ,UNIVERSITY OF MASSACHUSETTS-LOWELL,166513,3,18-Apr-05
570, Valencia ,VALENCIA COMMUNITY COLLEGE,138187,3,18-Apr-05
571, W. Florida ,THE UNIVERSITY OF WEST FLORIDA,138354,3,18-Apr-05
572, W. Oregon ,WESTERN OREGON UNIVERSITY,210429,3,18-Apr-05
573, Widener ,WIDENER UNIVERSITY-MAIN CAMPUS,216852,3,18-Apr-05
574, WNEC ,WESTERN NEW ENGLAND COLLEGE,168254,3,18-Apr-05
575, Wofford ,WOFFORD COLLEGE,218973,3,18-Apr-05
576, Yeshiva,YESHIVA UNIVERSITY,197708,3,18-Apr-05
578,Wisc- Eau Claire,University of Wisconsin Eau Claire ,240268,3,29-Apr-05
579,Alaska Anch ,UNIVERSITY OF ALASKA ANCHORAGE,102553,4,7-May-05
580, Alaska Fair ,UNIVERSITY OF ALASKA FAIRBANKS,102614,4,7-May-05
581, Alma ,ALMA COLLEGE,168591,4,7-May-05
582, Arkansas State ,ARKANSAS STATE UNIVERSITY-MAIN CAMPUS,106458,4,7-May-05
583, Arkansas Tech ,ARKANSAS TECH UNIVERSITY,106467,4,7-May-05
584, Armstrong ,ARMSTRONG ATLANTIC STATE UNIVERSITY,138789,4,7-May-05
585, Augsburg ,AUGSBURG COLLEGE,173045,4,7-May-05
587, Baker KS ,BAKER UNIVERSITY COLLEGE OF ARTS AND SCIENCES,154688,4,7-May-05
588, Baker MI ,BAKER COLLEGE OF FLINT,168847,4,7-May-05
589, Baldwin Wallace ,BALDWIN-WALLACE COLLEGE,201195,4,7-May-05
590, Barry ,BARRY UNIVERSITY,132471,4,7-May-05
591, Bennington ,BENNINGTON COLLEGE,230816,4,7-May-05
593, Biola ,BIOLA UNIVERSITY,110097,4,7-May-05
594, Bowie State ,BOWIE STATE UNIVERSITY,162007,4,7-May-05
595, Cabrini ,CABRINI COLLEGE,211352,4,7-May-05
596, California PA ,CALIFORNIA UNIVERSITY OF PENNSYLVANIA,211361,4,7-May-05
597, Champlain ,CHAMPLAIN COLLEGE,230852,4,7-May-05
598, CMSV ,COLLEGE OF MOUNT SAINT VINCENT,193399,4,7-May-05
599, Cornell College ,CORNELL COLLEGE,153162,4,7-May-05
600, DeVry NY ,Devry College of New York,482413,4,7-May-05
601, Earlham ,EARLHAM COLLEGE,150455,4,7-May-05
602, Edgewood ,EDGEWOOD COLLEGE,238661,4,7-May-05
603, Edinboro ,EDINBORO UNIVERSITY OF PENNSYLVANIA,212160,4,7-May-05
604, Elmira ,ELMIRA COLLEGE,190983,4,7-May-05
605, Fort Lewis ,FORT LEWIS COLLEGE,127185,4,7-May-05
606, Gannon ,GANNON UNIVERSITY,212601,4,7-May-05
607, Gardner-Webb ,GARDNER-WEBB UNIVERSITY,198561,4,7-May-05
608, Georgia Perimeter ,GEORGIA PERIMETER COLLEGE,244437,4,7-May-05
609, Gordon MA ,GORDON COLLEGE,139968,4,7-May-05
610, Grove City ,GROVE CITY COLLEGE,212805,4,7-May-05
611, Hamline ,HAMLINE UNIVERSITY,173665,4,7-May-05
612, Harding ,HARDING UNIVERSITY,107044,4,7-May-05
613, High Point ,HIGH POINT UNIVERSITY,198695,4,7-May-05
614, Hillsdale ,HILLSDALE BEAUTY COLLEGE,168555,4,7-May-05
615, Hood ,HOOD COLLEGE,162760,4,7-May-05
616, Kirkwood ,KIRKWOOD COMMUNITY COLLEGE,153737,4,7-May-05
617, Lebanon Valley ,LEBANON VALLEY COLLEGE,213507,4,7-May-05
618, Lee ,LEE UNIVERSITY,220613,4,7-May-05
619, Linfield ,LINFIELD COLLEGE,209065,4,7-May-05
620, Loras ,LORAS COLLEGE,153825,4,7-May-05
621, Lycoming ,LYCOMING COLLEGE,213668,4,7-May-05
622, Lynn ,LYNN UNIVERSITY,132657,4,7-May-05
623, Mansfield ,MANSFIELD UNIVERSITY OF PENNSYLVANIA,213783,4,7-May-05
624, Marian IN ,Marian University Indianapolis,151786,4,7-May-05
625, Mary Baldwin ,Mary Baldwin University,232672,4,7-May-05
626, Maryville MO ,MARYVILLE UNIVERSITY OF SAINT LOUIS,178059,4,7-May-05
627, Maryville TN ,MARYVILLE COLLEGE,220710,4,7-May-05
629, McNeese ,MCNEESE STATE UNIVERSITY,159717,4,7-May-05
630, Misericordia ,Misericordia University,214069,4,7-May-05
631, MNSU ,MINNESOTA STATE UNIVERSITY-MANKATO,173920,4,7-May-05
632, MO St. Louis ,University of Missouri-St Louis,178420,4,7-May-05
633, Molloy ,MOLLOY COLLEGE,193292,4,7-May-05
634, Monroe CC ,MONROE COMMUNITY COLLEGE,193326,4,7-May-05
635, MS Mary ,MOUNT ST MARY'S UNIVERSITY,163462,4,7-May-05
636, MSCD ,METROPOLITAN STATE COLLEGE OF DENVER,127565,4,7-May-05
637, MSMC ,MOUNT SAINT MARY COLLEGE,193353,4,7-May-05
638, Mt. Union ,University of Mount Union,204185,4,7-May-05
639, N. Central IL ,North Central College,147660,4,7-May-05
640, N.C. Central ,NORTH CAROLINA CENTRAL UNIVERSITY,199157,4,7-May-05
641, Nazareth ,NAZARETH COLLEGE OF ROCHESTER,193584,4,7-May-05
642, New Haven ,UNIVERSITY OF NEW HAVEN,129941,4,7-May-05
643, Nicholls State ,NICHOLLS STATE UNIVERSITY,159966,4,7-May-05
644, North Park ,NORTH PARK UNIVERSITY,147679,4,7-May-05
645, Northwood ,NORTHWOOD UNIVERSITY,171492,4,7-May-05
646, Norwich ,NORWICH UNIVERSITY,230995,4,7-May-05
647, NSUOK ,NORTHEASTERN STATE UNIVERSITY,207263,4,7-May-05
648, OKCU ,OKLAHOMA CITY UNIVERSITY,207458,4,7-May-05
649, Olivet Nazarene ,OLIVET NAZARENE UNIVERSITY,147828,4,7-May-05
650, PA Tech ,PENNSYLVANIA COLLEGE OF TECHNOLOGY,366252,4,7-May-05
651, Palm Beach ,Palm Beach State College,136358,4,7-May-05
652, Park ,PARK UNIVERSITY,178721,4,7-May-05
653, Point Loma ,POINT LOMA NAZARENE UNIVERSITY,121309,4,7-May-05
656, Rockhurst ,ROCKHURST UNIVERSITY,179043,4,7-May-05
657, Simpson ,Simpson College,154350,4,7-May-05
658, Spring Hill ,SPRING HILL COLLEGE,102234,4,7-May-05
659, St. Bonaventure ,SAINT BONAVENTURE UNIVERSITY,195164,4,7-May-05
660, St. Francis NY ,ST FRANCIS COLLEGE,195173,4,7-May-05
661, St. John Fisher ,SAINT JOHN FISHER COLLEGE,195720,4,7-May-05
662, Staten Island ,College of Staten Island CUNY,190558,4,7-May-05
663, SUNY Cobleskill ,SUNY COLLEGE OF AGRIC AND TECHN AT COBLESKILL,196033,4,7-May-05
664, SUNY Farmingdale ,FARMINGDALE STATE UNIVERSITY OF NEW YORK,196042,4,7-May-05
665, TN State ,TENNESSEE STATE UNIVERSITY,221838,4,7-May-05
666, UCCS ,UNIVERSITY OF COLORADO AT COLORADO SPRINGS,126580,4,7-May-05
667, UMKC ,UNIVERSITY OF MISSOURI-KANSAS CITY,178402,4,7-May-05
668, VCCS ,BLUE RIDGE COMMUNITY COLLEGE,231536,4,7-May-05
668, VCCS ,CENTRAL VIRGINIA COMMUNITY COLLEGE,231697,4,7-May-05
668, VCCS ,DABNEY S LANCASTER COMMUNITY COLLEGE,231873,4,7-May-05
668, VCCS ,DANVILLE COMMUNITY COLLEGE,231882,4,7-May-05
668, VCCS ,EASTERN SHORE COMMUNITY COLLEGE,232052,4,7-May-05
668, VCCS ,GERMANNA COMMUNITY COLLEGE,232195,4,7-May-05
668, VCCS ,J SARGEANT REYNOLDS COMMUNITY COLLEGE,232414,4,7-May-05
668, VCCS ,JOHN TYLER COMMUNITY COLLEGE,232450,4,7-May-05
668, VCCS ,LORD FAIRFAX COMMUNITY COLLEGE,232575,4,7-May-05
668, VCCS ,MOUNTAIN EMPIRE COMMUNITY COLLEGE,232788,4,7-May-05
668, VCCS ,NEW RIVER COMMUNITY COLLEGE,232867,4,7-May-05
668, VCCS ,NORTHERN VIRGINIA COMMUNITY COLLEGE,232946,4,7-May-05
668, VCCS ,PATRICK HENRY COMMUNITY COLLEGE,233019,4,7-May-05
668, VCCS ,PAUL D CAMP COMMUNITY COLLEGE,233037,4,7-May-05
668, VCCS ,PIEDMONT VIRGINIA COMMUNITY COLLEGE,233116,4,7-May-05
668, VCCS ,RAPPAHANNOCK COMMUNITY COLLEGE,233310,4,7-May-05
668, VCCS ,SOUTHSIDE VIRGINIA COMMUNITY COLLEGE,233639,4,7-May-05
668, VCCS ,SOUTHWEST VIRGINIA COMMUNITY COLLEGE,233648,4,7-May-05
668, VCCS ,THOMAS NELSON COMMUNITY COLLEGE,233754,4,7-May-05
668, VCCS ,TIDEWATER COMMUNITY COLLEGE,233772,4,7-May-05
668, VCCS ,VIRGINIA HIGHLANDS COMMUNITY COLLEGE,233903,4,7-May-05
668, VCCS ,VIRGINIA WESTERN COMMUNITY COLLEGE,233949,4,7-May-05
668, VCCS ,WYTHEVILLE COMMUNITY COLLEGE,234377,4,7-May-05
669, Villa Julie ,Stevenson University,164173,4,7-May-05
670, Vincennes ,VINCENNES UNIVERSITY,152637,4,7-May-05
671, Wash & Jeff ,WASHINGTON & JEFFERSON COLLEGE,216667,4,7-May-05
672, Webster ,WEBSTER UNIVERSITY,179894,4,7-May-05
673, Westmont ,WESTMONT COLLEGE,125727,4,7-May-05
674, Wheelock ,WHEELOCK COLLEGE,168290,4,7-May-05
675, Whittier ,WHITTIER COLLEGE,125763,4,7-May-05
676, Wingate ,WINGATE UNIVERSITY,199962,4,7-May-05
677, Winston Salem ,WINSTON-SALEM STATE UNIVERSITY,199999,4,7-May-05
678, Wisc La Crosse ,UNIVERSITY OF WISCONSIN-LA CROSSE,240329,4,7-May-05
679, Wisc Oshkosh ,UNIVERSITY OF WISCONSIN-OSHKOSH,240365,4,7-May-05
680, Wisc Whitewater,UNIVERSITY OF WISCONSIN-WHITEWATER,240189,4,7-May-05
745,Alabama A&M; ,Alabama A & M University,100654,4,15-May-05
746, Alabama Huntsville ,UNIVERSITY OF ALABAMA IN HUNTSVILLE,100706,4,15-May-05
747, Aquinas ,AQUINAS COLLEGE,168786,4,15-May-05
748, Art Chicago ,SCHOOL OF THE ART INSTITUTE OF CHICAGO,143048,4,15-May-05
749, Bellarmine ,BELLARMINE UNIVERSITY,156286,4,15-May-05
750, Belmont Abbey ,BELMONT ABBEY COLLEGE,197984,4,15-May-05
751, Bethel KS ,BETHEL COLLEGE,150145,4,15-May-05
752, Bethune Cookman ,BETHUNE COOKMAN COLLEGE,132602,4,15-May-05
753, Brevard ,BREVARD COLLEGE,198066,4,15-May-05
754, Brookdale ,BROOKDALE COMMUNITY COLLEGE,183859,4,15-May-05
755, Caldwell ,CALDWELL COLLEGE,183910,4,15-May-05
756, Catawba ,CATAWBA COLLEGE,198215,4,15-May-05
757, Cedar Crest ,CEDAR CREST COLLEGE,211468,4,15-May-05
758, Central College ,CENTRAL COLLEGE,153108,4,15-May-05
760, COE College ,COE COLLEGE,153144,4,15-May-05
761, Concord ,CONCORD UNIVERSITY,237330,4,15-May-05
762, Concordia MN ,CONCORDIA UNIVERSITY-ST PAUL,173328,4,15-May-05
763, Concordia NY ,CONCORDIA COLLEGE,190248,4,15-May-05
764, CSU East Bay ,CALIFORNIA STATE UNIVERSITY-EAST BAY,110574,4,15-May-05
765, CSU Mont. Bay ,CALIFORNIA STATE UNIVERSITY-MONTEREY BAY,409698,4,15-May-05
766, CUNY Lehman ,CUNY Lehman College,190637,4,15-May-05
767, Delaware State ,DELAWARE STATE UNIVERSITY,130934,4,15-May-05
768, Delaware Valley ,DELAWARE VALLEY COLLEGE,211981,4,15-May-05
769, Detroit Mercy ,UNIVERSITY OF DETROIT MERCY,169716,4,15-May-05
770, Dowling ,DOWLING COLLEGE,190770,4,15-May-05
771, Erskine ,ERSKINE COLLEGE AND SEMINARY,217998,4,15-May-05
772, Evergreen ,EVERGREEN STATE COLLEGE,235167,4,15-May-05
773, Fayetteville ,FAYETTEVILLE STATE UNIVERSITY,198543,4,15-May-05
774, FL Southern ,FLORIDA SOUTHERN COLLEGE,134079,4,15-May-05
775, Fort Hays ,FORT HAYS STATE UNIVERSITY,155061,4,15-May-05
776, Francis Marion ,FRANCIS MARION UNIVERSITY,218061,4,15-May-05
777, Franklin ,FRANKLIN UNIVERSITY,202806,4,15-May-05
778, Franklin Pierce ,FRANKLIN PIERCE COLLEGE,182795,4,15-May-05
779, Full Sail ,FULL SAIL REAL WORLD EDUCATION,134237,4,15-May-05
780, Georgian Court ,GEORGIAN COURT UNIVERSITY,184773,4,15-May-05
781, Houston Baptist ,HOUSTON BAPTIST UNIVERSITY,225399,4,15-May-05
782, Incarnate Word ,UNIVERSITY OF THE INCARNATE WORD,225627,4,15-May-05
783, Johnson CC ,JOHNSON COUNTY COMMUNITY COLLEGE,155210,4,15-May-05
784, Juilliard ,THE JUILLIARD SCHOOL,192110,4,15-May-05
785, Juniata ,JUNIATA COLLEGE,213251,4,15-May-05
786, LA Monroe ,UNIVERSITY OF LOUISIANA AT MONROE,159993,4,15-May-05
787, Lander ,LANDER UNIVERSITY,218229,4,15-May-05
788, Lasell ,LASELL COLLEGE,166391,4,15-May-05
789, Lawrence Tech ,LAWRENCE TECHNOLOGICAL UNIVERSITY,170675,4,15-May-05
790, Lesley ,LESLEY UNIVERSITY,166452,4,15-May-05
791, Lincoln MO ,LINCOLN UNIVERSITY,177940,4,15-May-05
792, Lincoln PA ,LINCOLN UNIVERSITY,213598,4,15-May-05
793, Marietta ,MARIETTA COLLEGE,203845,4,15-May-05
794, Maryland Art ,MARYLAND INSTITUTE COLLEGE OF ART,163295,4,15-May-05
795, Maryland Eastern ,UNIVERSITY OF MARYLAND-EASTERN SHORE,163338,4,15-May-05
796, Marywood ,MARYWOOD UNIVERSITY,213826,4,15-May-05
797, McKendree ,MCKENDREE COLLEGE,147013,4,15-May-05
798, Mesa State ,MESA STATE COLLEGE,127556,4,15-May-05
799, Mills College ,MILLS COLLEGE,118888,4,15-May-05
800, Monroe ,MONROE COLLEGE-MAIN CAMPUS,193308,4,15-May-05
801, Mount Ida ,MOUNT IDA COLLEGE,166948,4,15-May-05
802, Muskingum ,MUSKINGUM COLLEGE,204264,4,15-May-05
803, N.E. Illinois ,NORTHEASTERN ILLINOIS UNIVERSITY,147776,4,15-May-05
804, Nebraska Kearney ,UNIVERSITY OF NEBRASKA AT KEARNEY,181215,4,15-May-05
805, New College FL ,NEW COLLEGE OF FLORIDA,262129,4,15-May-05
806, NJ City ,NEW JERSEY CITY UNIVERSITY,185129,4,15-May-05
807, Oakwood ,OAKWOOD COLLEGE,101912,4,15-May-05
808, Oglethorpe ,OGLETHORPE UNIVERSITY,140696,4,15-May-05
809, Ohio Dominican ,OHIO DOMINICAN UNIVERSITY,204617,4,15-May-05
810, Oklahoma Baptist ,OKLAHOMA BAPTIST UNIVERSITY,207403,4,15-May-05
811, Oral Roberts ,ORAL ROBERTS UNIVERSITY,207582,4,15-May-05
812, Ouachita Baptist ,OUACHITA BAPTIST UNIVERSITY,107512,4,15-May-05
813, Peace ,PEACE COLLEGE,199272,4,15-May-05
814, Pitt. State ,PITTSBURG STATE UNIVERSITY,155681,4,15-May-05
817, Queens Charlotte ,QUEENS UNIVERSITY OF CHARLOTTE,199412,4,15-May-05
818, Quincy ,QUINCY UNIVERSITY,148131,4,15-May-05
819, Randolph-Macon ,RANDOLPH-MACON COLLEGE,233295,4,15-May-05
820, Ringling ,RINGLING SCHOOL OF ART AND DESIGN,136774,4,15-May-05
822, Roosevelt ,ROOSEVELT UNIVERSITY,148487,4,15-May-05
823, S. Polytechnic ,SOUTHERN POLYTECHNIC STATE UNIVERSITY,141097,4,15-May-05
824, Santa Monica ,Santa Monica College,122977,4,15-May-05
825, Shaw ,SHAW UNIVERSITY,199643,4,15-May-05
826, Shenandoah ,SHENANDOAH UNIVERSITY,233541,4,15-May-05
827, St. Ambrose ,SAINT AMBROSE UNIVERSITY,154235,4,15-May-05
828, St. Francis PA ,Saint Francis University,215743,4,15-May-05
829, St. Josephs NY ,St. Joseph’s College- New York,195544,4,15-May-05
830, St. Peters ,Saint Peter’s University,186432,4,15-May-05
831, St. Thomas TX ,University of St Thomas,227863,4,15-May-05
832, St. Xavier ,SAINT XAVIER UNIVERSITY,148627,4,15-May-05
833, SUNY Old Westbury ,SUNY College at Old Westbury,196237,4,15-May-05
834, Tallahassee ,Tallahassee Community College,137759,4,15-May-05
835, TAMU Corp. Chr. ,TEXAS A & M UNIVERSITY-CORPUS CHRISTI,224147,4,15-May-05
836, Texas Lutheran ,TEXAS LUTHERAN UNIVERSITY,228981,4,15-May-05
837, Transylvania ,TRANSYLVANIA UNIVERSITY,157818,4,15-May-05
838, Tuskegee ,TUSKEGEE UNIVERSITY,102377,4,15-May-05
839, UMass Boston ,UNIVERSITY OF MASSACHUSETTS-BOSTON,166638,4,15-May-05
840, WTAMU ,WEST TEXAS A & M UNIVERSITY,229814,4,15-May-05
841, Xavier LA,XAVIER UNIVERSITY OF LOUISIANA,160904,4,15-May-05
842,SUNY Suffolk,Suffolk County Community College,366395,4,26-May-05